PC1,PC2,digit
-1.259466450101603,-21.274883480738396,0
7.957611300010642,20.768698956046165,1
6.991922967203136,9.955986407732201,2
-15.90610525556889,-3.332464286030648,3
23.3068674074466,-4.269060828996288,4
-14.087086387633754,-7.914448475986557,5
21.363409534732135,-5.288339684167627,6
-2.952606957675034,21.07166429389602,7
-5.25513426088765,-1.1833599104799717,8
-5.480198820225548,-8.076324172052843,9
11.215079446607286,-16.919862114042097,0
3.0091823300507974,11.994809506899012,1
-2.414193479686133,4.8516641388710795,2
-23.25561848602984,1.9067547964503855,3
24.456734734858344,-2.6612902845450725,4
-1.4007259675625108,15.861295900441656,5
17.166673832959017,2.3892045998801814,6
5.616053556062714,12.926353378074591,7
-2.845154897879813,14.289640646112291,8
-13.771359192270126,-8.84640603640877,9
6.435364231253551,-19.477105901966,0
0.025863271392486842,10.337036329697556,1
-8.088838644296509,8.81195586667936,2
-19.18977858780386,4.51553720463234,3
17.53876911356475,-4.627727697197928,4
6.111416242541045,5.461903137711229,5
21.334215873917262,-8.10542853448161,6
4.775850960095416,5.181394801167414,7
0.4447396599173114,7.381746242698334,8
-14.534225714380261,-9.432622961430502,9
0.24092803023547266,-26.593013681317245,0
-13.630449079274435,-7.370622387770445,9
-5.020241523665749,3.598292629534293,5
-6.030021230854125,11.217758362605863,5
18.006548743990955,-3.474685164394998,6
-3.185574913132991,9.59016941522828,5
6.134363611431409,-15.899976990651467,0
-13.375006185998593,-9.993783813122151,9
-0.01803836048924068,11.6790040570717,8
-20.74385716189458,-12.82292262357117,9
-4.38887890537981,10.773906998538395,8
25.045085168019707,-0.7712301486308848,4
2.824528239184464,9.286924466467992,1
5.663813792212204,10.368679195418544,7
-3.564098430273079,18.920436977358413,7
-20.85199903145453,-3.078162363215667,3
3.009721233791185,11.3904214092152,5
1.6440040962043625,10.738076180165306,1
5.018477817601964,-20.774682523277363,0
3.9385929738630865,-20.882141221663503,0
0.9825043612327269,6.804780056995357,2
6.265388394573602,7.259269953457951,2
6.897605584883723,13.321299346247443,7
1.67288589544704,9.991357074904913,8
10.71040585183313,9.208362629025425,2
10.322775765630075,-13.990157306888792,0
3.2539905910096523,9.593459519084348,1
6.659994715549367,11.723520466270573,2
22.426659203419405,-10.557021851500265,6
-19.40662842159775,8.135235432361139,3
-23.56550662067468,-3.621255282126905,3
4.770004205053905,11.743513024453716,7
-23.89206887585509,-0.5928263804501548,3
-21.561376671179328,8.819550344804433,3
28.181620059969525,-7.426999958169498,4
21.39164636797069,-11.176553905384836,6
21.364600049348944,-8.288250035597608,6
14.768499704581792,-17.141875882621676,6
19.446585160467237,4.410855829062355,4
-7.711834840048333,19.187837232862286,9
7.91430562568584,10.855706440928135,1
-6.1506555476073625,5.705777050049271,5
6.308077056156519,-20.102190720313025,0
-18.42439597669566,-11.801831087589882,9
-1.2758138549569342,-0.9670537583083205,5
2.9903619447249468,9.240567140478133,2
2.749807950407978,11.291074677247119,8
6.564547535173459,13.927230390030818,2
-3.429462212082904,-22.843586806306554,0
-1.2648418261055598,-23.802458263294803,0
0.19165795748122344,15.57450154541125,1
1.337284347446545,19.623356420837183,7
21.69610324949558,-7.17553010446836,6
-20.242240211429742,5.3570274827635025,3
-3.730310289945925,2.3269298365244735,2
7.499049883763967,20.86422354295398,1
6.5249144609885565,3.714421825693263,7
18.20043838888361,13.212953165727473,4
22.06879772568878,-2.23517008440191,6
-24.096078050332554,1.8128527244795771,3
3.135180301183765,14.100674239580497,1
-20.606029964085113,14.859451248061523,3
-20.17548079150907,-12.00242949070958,9
12.558689364256253,20.237290438306474,1
-0.1572239600187732,17.464981320087972,7
20.13907786720036,4.684806251980492,6
3.115040632408208,10.382007467872727,8
22.568148278481576,-0.6865822477696608,4
-24.68563380146658,5.215516489211096,3
19.922254377925576,19.197570496808503,1
22.772324418250573,-4.9867191977692045,4
8.557608107185239,-23.51691382855053,0
-0.01397422051192082,3.906444921708526,5
-14.336281840540801,23.071800167962614,3
24.502372605773136,-1.2684678976226809,6
-16.437778490960007,-11.5540294277007,9
18.068337874649334,1.4116518285341608,6
-0.7919480179950139,9.227777462843585,1
3.6819602487452,11.339716050322345,7
0.8559481977385692,7.073054028111034,5
16.83220863745269,1.388084250545087,4
18.748064308818478,-2.690521893925381,4
2.3697417927748643,17.657909818691124,7
-2.004217164441245,10.532677770575178,2
3.610844983843693,11.306379714040899,8
2.8354153009159844,7.487241246876174,2
-4.984616965016398,4.535662391351383,2
-3.186862782892766,16.201471344866604,5
0.29033245835677196,15.946155554266417,7
-11.928594500328904,-11.517819491376379,9
-3.3199867002764605,3.6741740784519683,5
16.71068679000944,12.116906913415928,4
0.049904730502920824,18.76892265135148,8
-3.6522167320870937,14.98089232465142,8
24.507036831884008,-1.2244819028171419,4
-16.191286865348356,0.5197872794311671,9
7.653090471540236,-21.089390307774337,0
1.7710575641144213,10.77088170169412,8
-15.354969070151325,-13.88122769073577,9
4.319652830264183,15.587817979356638,8
2.017144831094767,-24.13591869137324,0
-3.9070428647971713,-3.8289133483288813,1
-8.442298082622601,7.619612104483524,2
-19.632676608687103,11.996243164761298,3
18.41761084980794,14.954133299784418,4
-0.9930201121122677,13.182852512200967,5
14.555750583916858,-17.149467530918354,6
1.0696350811131385,17.975348250475626,7
1.211456604056163,5.260104703417273,8
-18.29792127599323,-14.034169872509864,9
3.560962689230374,-21.529024907484306,0
2.8017538156536754,7.266306409160034,1
-10.027918745692055,11.593352819420621,2
-26.95498404316915,-0.8162810186301606,3
22.416447832865966,10.872647704710294,4
-4.345158225158309,17.564693165221527,5
18.005018675531396,-10.402584786019307,6
4.874820006235062,20.399254426175354,7
4.2090853040697285,0.2165566367300238,8
-18.429516862343966,-11.876407363181773,9
8.081884289864304,-22.276605222415633,0
-2.230520072809166,2.5155865327496674,1
-12.028993738007939,14.185885789968276,2
-16.928594011558054,8.002739297550363,3
19.641331849582677,12.415478218104436,4
6.280496657262156,2.2409560106536217,5
20.024518583660086,-6.832913037625995,6
3.859827180404936,19.633989945095202,7
7.173261713424985,12.268853549188874,8
-16.198653282428822,-11.615047595738323,9
6.023720549543276,-20.839452943391393,0
-12.960692245919693,-8.28203202058906,9
1.5601515219546955,15.375632059953078,5
5.04776709155877,10.993862358411576,5
18.19739055094938,-15.433833856929946,6
2.420296354330094,10.290361087262163,5
4.289128795042263,-22.5785598636998,0
-14.511933314813938,-12.323863528965619,9
3.654194405241979,6.802637770582582,8
-16.935095267191837,-12.657666092837518,9
4.045921438730007,12.538545223707054,8
25.338742925719245,12.589393954886114,4
-2.3137884397015247,3.411842992058233,1
0.12649519131813347,20.00506758782148,7
-2.2288774208804476,19.54060515256308,7
-21.543420612409815,8.631611078992167,3
-2.4800079974228373,9.616132299199686,5
-1.9232328631858608,-3.649003343527129,1
2.8096671817881815,-24.269613508915306,0
10.782120678297318,-16.17270047648607,0
-9.578714220964581,9.77343704282692,2
-9.727270658054113,12.541271983961684,2
0.7731885193016472,22.194302647173892,7
-5.092150196998695,0.9686998387614607,8
0.23756186980291022,4.67972104992741,2
10.66077532816191,-21.459926938495258,0
2.0679600976890393,7.392967262327577,1
-3.2404489746684564,8.897498878928072,2
15.698006858720758,-13.26529921285041,6
-26.069904214625605,-3.508913327433972,3
-19.143511025451357,2.190159323877959,3
8.919398174718424,21.080089215063587,7
-21.877089631896684,-2.2774432085802654,3
-23.029149705617883,2.410265723252234,3
20.37979015865085,10.446022505614245,4
23.703124874476504,-5.465914995454756,6
18.444521013218733,-13.382769571352185,6
18.897534922477845,-16.661202332119686,6
21.09600918324108,12.783755452070471,4
-10.301243475769112,-10.452402261808322,9
7.207731895370058,9.86510963191888,1
-0.14200470453959702,12.376018789382659,5
5.710828580124896,-24.425800704651927,0
-14.93783301647551,-5.336424868545327,9
2.897279011293519,4.025531226244207,5
-8.980888257685198,12.277023795316417,2
-0.08283342773580876,14.783641427925202,8
-5.40158660935714,12.5618672623552,2
14.796133031703304,-16.284132799671163,0
11.314743796227864,-20.637470585650334,0
1.4398189352085633,5.461810272411709,1
1.1310845558674543,23.618723000882405,7
17.329370620873366,-15.881810837921439,6
-20.445706534353114,6.704559650822947,3
-5.264095245983203,9.300088732426739,2
1.0761644353594737,10.677796331358586,1
5.716250635977807,19.764618904972657,7
-18.3048478802101,9.526072443221242,3
-1.6309829400786802,0.23753290332435228,1
-19.842723230342695,8.780033557628393,3
-14.048472837752271,-5.211255447254986,9
7.582386482763761,10.893189996742947,1
-1.646817359290484,21.757257219502435,7
19.472355959722112,-2.2586813975524063,6
1.7911033671266599,-2.9653189176984984,8
26.250056804256612,11.806752183607106,4
-17.852608646331003,9.136754675644534,3
3.917390001009181,11.008658439895338,1
24.845194277565824,13.10000756540694,4
0.13817800374592176,-25.084929454599255,0
-0.3027964110926841,11.024135723494236,5
-13.524028523134788,9.031735467339644,3
17.478342958100257,-13.751654872543169,6
-13.941891130662972,-9.539756615327395,9
9.930616737039069,-21.577959903249017,6
9.530343632897685,9.762776487477456,1
-0.20447530935212405,20.879021492904464,7
7.695408376998991,8.705255954615856,5
20.797187379309587,12.870242281688476,4
22.25785041658576,15.98839750373189,4
5.5221168044817235,20.469940139571527,7
1.4936799899433695,-1.3954749695544852,2
5.424008803188389,15.770557406998192,8
-1.3203284628231613,0.5308798456256687,2
-4.274057582533413,12.11779461417516,2
4.4598963842377355,11.03321582763162,5
3.1716713536878105,12.790384645407876,5
17.546570525160483,8.221358134723904,4
1.3570494152643897,7.545321793109968,8
-0.37036650622078215,8.034038902267131,8
22.697752547111484,13.280923955922422,4
-8.971381005651729,-12.688568662980373,9
7.956974065182809,-23.210663410619418,0
-1.7645992149042138,2.8775001924074024,8
-4.061179960223051,-8.399255747931495,9
5.271746491016886,5.3640307505571725,8
5.6483972899226,-18.794947463089088,0
10.848064127516631,21.25920860404348,1
-10.63323934268348,4.294857713029825,2
-19.47319776298936,-3.344030087654664,3
20.917820332815396,1.5932725628317357,4
-11.580751432031724,-11.226694121752237,5
14.565761832574955,-15.62467968763528,6
-5.703660215759455,22.353108559255574,7
-6.672938248711904,-1.7017192662690728,8
-7.940786717312004,8.732789677533724,9
3.1501523645366243,-20.832731842054315,0
8.769026131224727,18.58440651887713,1
-10.763190301863933,6.614982162255581,2
-15.665610170688728,1.2307302038310057,3
26.45292227236495,3.9439811516460423,4
-6.211506992264257,17.507827998195403,5
18.38203041957884,-15.156445147303486,6
1.0691735271055434,17.769301939136817,7
1.7501559277476635,9.222307067143097,8
-4.307730833463609,17.065975182119814,9
0.6473933230711304,-20.823330745861107,0
13.431460313459349,18.019032914442995,1
-13.269734274972418,5.221145684915921,2
-22.503718437561314,-0.8222583667768972,3
23.39529741369066,1.015923989766811,4
-8.892823163258326,-1.5682832988537188,5
14.974751423538876,-15.318927592817005,6
7.501967106122631,14.391055909312305,7
7.05823239671731,7.6708852108670165,8
-23.422101362958553,-8.731557870241424,9
5.817955207620866,-18.497679560138472,0
-17.348920510693766,-10.64812423506426,9
-7.499348186764003,-5.1513294758249915,5
-7.040396546739414,-12.800603620562235,5
17.759393223970697,-10.053909079527093,6
-8.546194198720476,-14.437862939262324,5
-3.1605731987913037,-18.970420505336165,0
-15.142657129421709,-6.686860950269876,9
-2.65116878863261,1.7740298070915106,8
-16.038921098922255,-13.869958315036817,9
-1.0875949402504979,1.7525076025843922,8
27.56622938995354,-4.130559383167225,4
14.171767703658254,18.811067113803325,1
-4.22583456238779,17.72646777316877,7
1.354410850266595,13.720555757381744,7
-20.542047296939188,-0.042066360518117296,3
-7.079711330729725,-1.4210341670980777,5
9.718381308623504,16.840646291774704,1
3.6631202509654868,-20.53801788331132,0
-0.6204140239551543,-24.848237211788437,0
-12.366536115987701,1.5272753898966371,2
-10.070193025665501,5.3629536306825765,2
-5.25283066676714,19.552122226833745,7
-8.132996421496205,-4.391088436319624,8
-13.282356580331115,8.861147200908865,2
1.1144287423316652,-21.335656732670266,0
5.5928754195561075,11.560083973864081,1
-12.355046799689191,3.6047121280566845,2
5.496343341045927,-13.618674685816526,6
-16.316102160506965,3.365934629598507,3
-20.749204296448486,1.9286100089598488,3
1.8903498845733662,16.65145890924977,7
-25.423755570826437,-0.550858852433957,3
-20.43315692213292,1.7086926621193825,3
28.889214420741684,-2.7423771189118864,4
14.124565842876812,-16.92624712715405,6
14.665725277123292,-14.97388824011482,6
19.17949049104943,-11.189228718274478,6
25.97170262792007,-2.5738470963353484,4
-3.227305133322735,11.345998997459558,9
11.391302687790462,20.409972755598282,1
5.328825663017665,-1.0857579774551238,5
1.983211496124023,-20.72637416600122,0
-6.91890751694411,13.629198234011142,9
-5.502896649797378,-2.7727075363873315,5
-15.54171659222268,7.8255382466536005,2
-4.804952493938218,-4.520714724569913,8
-15.043260710730209,3.741699345534726,2
3.4396930206738094,-24.57995189796575,0
0.5224919996829727,-17.99522978251882,0
8.279250840774603,25.34502893801168,1
2.6392865562541634,14.252632336360964,7
20.5560192919794,-5.2688781106007845,6
-20.468076242589785,0.5815498418576239,3
-16.02105894275212,6.286009161982218,2
6.876246792300867,20.617378567030897,1
0.9626819312969195,14.203650630555462,7
26.413629238114343,4.164950684965234,4
13.956911532593887,-16.807830770913146,6
-25.22213968450779,2.725436871569147,3
10.927026420137828,23.101915087977645,1
-15.983312534167656,2.731549436758569,3
-7.234809645313995,6.070592200881188,9
10.129734064178127,20.736818512536075,1
-1.9752146903243601,17.409999818705543,7
17.346165699386177,-11.24405087051294,6
1.94098219766438,4.446141526287377,8
30.398982423067103,-7.809738051245325,4
-10.431785248503294,-1.0471168525767556,3
3.467505964654019,25.255943508729388,1
20.69319836924049,6.38924379770409,4
1.1894081464952917,-20.313449010904527,0
-10.2116786680256,-11.643398938679653,5
-22.366277400796335,-3.872302964450078,3
17.11107900786092,-17.604547532473372,6
-7.889899610154915,13.30866321943577,9
14.958508912131014,-15.661009997513267,6
15.206663154872919,12.600830228147109,1
4.368948939354587,17.017370595626517,7
-7.86469133728592,1.2976714540769976,5
29.46778235483929,-9.379364356054129,4
28.096186710277923,0.7073523642129951,4
0.14635908591236385,15.997468006032383,7
-13.711379649572685,5.057897455957595,2
-7.034023317997093,-1.1465400255397529,8
-11.438992672326883,6.7573015517580135,2
-12.93768642858133,11.098366717986275,2
-13.463383377248586,-11.424534323027412,5
5.177523660808471,11.913570261783383,7
0.8101184275728321,0.9831373445108893,9
-2.191013437625004,13.9349931461571,5
28.852782277657976,-1.675467370381297,4
-6.8732071494586044,-8.282637947369164,8
-4.929899514490899,-1.727145746611297,8
26.837516187089808,1.2303408246407916,4
2.294890273809705,-7.588407102191346,9
2.478181264872412,-24.06321243263136,0
3.4197985823220054,11.957622589279236,8
-0.09831242030124981,8.264485091989673,9
-23.694149524572286,1.8253675605075474,3
-5.279175155603592,-25.00206165665736,0
-6.062879519637657,-2.4267751904541415,1
-7.643787978379195,11.210668329481365,2
-21.291473253542843,-1.7548670971181555,3
17.781200171097712,3.7714782696756153,4
-10.188686848036683,2.9349156443707773,5
20.82393909231827,-10.946619787554942,6
2.5547426581564494,8.562384753129122,7
0.13680170473574632,1.0727056872681184,8
-19.393361070652983,-9.699609359682237,9
-0.7938790254577242,-24.94567601104356,0
2.5073749057022137,10.458240411811184,1
-7.153664630554717,1.89280339987266,2
-17.377011465071874,-8.30680117791755,3
21.985851178637326,9.723368443106837,4
-1.5234390770844368,8.056539405299862,5
14.064810785600066,-8.069075153239293,6
3.375526402128255,5.4698407274098875,7
-3.764668678897172,8.223711128136909,8
-13.670277263929272,-11.026440564294168,9
4.540169027522687,-24.035799282764124,0
4.500377269185196,8.464730774508102,1
-6.066594145476283,5.919950977169651,2
-9.297902512580729,-13.63288130067534,3
22.09985395864847,8.115489177619164,4
-0.4322468623486019,5.9361096641250795,5
16.155830911623106,-10.16981729101235,6
6.249955004080521,4.70042627438577,7
5.0893988997162225,-6.8734251952170125,8
-14.62918547682466,-11.35588225588448,9
7.510540876223426,-16.989856824774268,0
-10.659159743028539,-10.801316866183157,9
-15.22285469517658,-1.1338184694853592,5
-3.4547381416034817,-0.5000150567828048,5
10.030237449456871,-11.123882603676744,6
-12.271888030983712,-5.254438722601405,5
-2.664021681275407,-22.56455343392087,0
-13.239898702415593,-10.225289312260088,9
-4.829475659892071,-1.5331161870029721,8
-20.69490041148608,-11.771690307924443,9
-5.494206371878684,1.8603063307804768,8
19.18467262360889,6.3669434536184735,4
-1.3050742849545345,3.4232816468580776,1
7.198325440947958,1.9155183664146045,7
-4.353579239049315,16.598494172088984,7
-20.66573074723168,-6.617106881630933,3
-1.569221969605069,4.431660219868658,5
1.5099941430223118,7.786780825637615,1
2.8054514840192533,-26.521491275791767,0
5.365414574375699,-21.464745173615476,0
-10.397305199553347,6.217340036392535,2
-11.645983142262445,8.534244258099505,2
2.5306821405731172,7.1081769528098935,7
-7.016318936954882,-2.623226074242587,8
-12.461338254871947,5.138006273846285,2
-5.4040047431300025,-26.1554474898304,0
-0.251971173541397,3.356493193407048,1
-11.763069261033879,1.9711775953931925,2
11.1585373271511,-7.333530464818076,6
-14.185289186888308,-4.547359106710866,3
-11.389711202471169,-9.719246721762133,3
6.175889337148125,0.6414301816106631,7
-13.91495719591016,-9.679998299856617,3
-12.832921797886574,-9.177289519296513,3
22.578032401295232,4.811062992924808,4
19.396271736178857,-12.775867713047717,6
16.821678711685276,-8.039887949579803,6
17.595209028455585,-11.91418272552948,6
20.21632524307871,6.141902848944696,4
-21.10355942376539,-10.883841284075041,9
-0.4744158414296704,8.074884560148663,1
-5.327302789465782,-6.144279729069865,5
2.1713643165841354,-18.847613653873765,0
-11.949692649262946,-7.037387391384383,9
-5.785305931263235,-0.2029469179638812,5
-5.583920867598979,9.900934899232391,2
-6.838083130280653,3.523865852286458,8
-9.011755966132897,8.393190809644947,2
-0.9043811787501963,-23.848285937677062,0
0.08873437064686196,-27.07831047164617,0
6.424803966897822,12.737921160983538,1
8.836523640033054,-0.6879783692919232,7
21.069029438095434,-9.396821796304973,6
-13.562032110733677,-8.265486472739683,3
-6.030819328059306,2.878665013178197,2
12.66228231219929,12.083170260999438,1
-5.281875762417695,14.130113625709768,7
17.35001786000033,-1.0558706455472633,4
13.585229038495815,-10.931203076922479,6
-12.816983837641745,-8.026911720080957,3
-0.34256726767833967,10.613683361413715,1
-15.961300668326926,-3.849047949103999,3
-11.805019116521937,-8.904755943008404,9
1.409081806926917,11.217016018083006,1
-1.5471382072970952,2.286941762626407,7
12.781670357780722,-13.257777990515688,6
-2.297463247414611,-9.164692565592032,8
21.294840857873456,4.468387248552712,4
-15.175836521301473,-3.4352872417218636,3
1.3173384617146302,5.846144838602394,1
20.78777996243344,7.1356177665460265,4
2.8633125150736576,-22.433822290094888,0
-7.048851031737262,3.1494873945922244,5
-12.044685414043611,-6.382668232645663,3
20.86314062493585,-11.227866394057662,6
-6.596957005926002,-10.800514816858977,9
21.135840770218298,3.913349409335261,6
2.2719496055663364,3.6367116328012523,1
4.825387787877551,6.231758138799874,7
-5.02617071975762,2.0666273367671963,5
14.941161771243337,3.3691151991224286,4
21.576680462187966,4.09091157535613,4
2.872954580641847,2.317348362283596,7
-6.50872851140463,4.1300038004354205,2
-1.4785886224054183,-8.14661301970882,8
-11.141195289051145,6.834038213504472,2
3.0705454657649778,9.821664067838237,2
0.4983723475615846,9.889737981090457,5
-1.389907687890806,11.221807969793037,7
-11.077243788102146,-13.289054074054656,9
8.451991203132252,1.386072722963552,5
20.31565446067041,1.8507632608753934,4
-2.529118941307111,4.04392919883459,8
0.6017293243647097,9.411150870998954,8
19.014325811792133,9.495096442064222,4
-12.838804121041013,-9.456282431793037,9
0.6090201171593546,-22.329558811465837,0
-5.925324118009344,-8.74788342214061,8
-14.734764372629597,-12.65418778085421,9
-7.9409034443857625,2.253705967609179,8
-3.5227513186289725,-24.005357342091195,0
-0.8775258696382797,5.645513131676334,1
-3.1183812027062054,3.8172781446162256,2
-13.99417136089788,-13.455813949459449,3
19.36766099455069,6.429249045068129,4
-1.958167447952141,-6.277575147323448,5
13.99730565472713,-12.26468251870355,6
-5.834972194465404,18.471902041738645,7
3.5528511327870698,7.979545979296422,8
-7.951006779952466,-9.95112184661111,9
0.129785624132975,-21.94662498737162,0
-0.21749524189899008,4.000381694338906,1
-5.143630831978321,7.464011159946075,2
-19.229031100757826,-6.432031534137756,3
11.841131754129076,7.642669253400381,4
-9.996502990080424,-14.464174856179675,5
12.621626198531711,-14.61415526959943,6
-7.22051115208896,22.22951198452813,7
3.8415119934663955,2.859495666928458,8
-8.672606379939662,-14.061205308783544,9
-6.469143832657367,-18.30378947559857,0
1.6177904129460794,6.445078625595503,1
-8.189213122921844,3.0034701524661394,2
-12.070664104858757,-2.2800240315155316,3
22.31651243001377,1.332571568548051,4
-13.645549321555645,-10.911886495972546,5
13.096384517498322,-17.262088930993094,6
-2.45989106506388,16.001152590877957,7
-3.8268185565884996,2.1794488657734066,8
-13.67444598242724,-9.329872936868297,9
0.2075781641670284,-22.18487499041467,0
-6.091102076992202,4.818586694094028,9
-11.891836739658592,-2.321396224293639,5
-11.298546777620816,-14.407366405245284,5
14.077508571858962,-11.727286839017118,6
-11.530671686321948,-11.774177747342257,5
-6.239573227239012,-23.164273442838578,0
-19.44588203290665,-12.570325323047793,9
6.016915445135066,1.6240031196413307,8
-8.376874138109557,-6.198550633226833,9
0.32653206623129877,5.744999789903725,8
19.172635168055084,2.8146088515881935,4
7.415182764186391,3.635133467686112,1
3.773951220964739,16.611094435093115,7
-4.31377178195745,20.186238025206784,7
-17.905764430904526,-5.678324172830993,3
-13.309555516075118,-12.155659883092671,5
11.960665172656665,2.8161435965947295,1
-2.5093907148047623,-24.687394747512975,0
-4.973204486255008,-29.18590732369561,0
-10.328480130022323,8.226019831543145,2
-4.98817517894895,5.277126753695353,2
-5.744004225819444,16.638531419161275,7
3.2178870502322785,-0.23374371806423366,8
-12.705561549866404,5.457956070705966,2
3.6521351061398746,-21.209618623729966,0
9.68022344102375,2.9283335121982805,1
-6.287022143984574,5.748770571363864,2
12.96141198080929,-8.218193052873655,6
-15.0992657771111,-7.9565144588077965,3
-19.610646229219753,-10.279030471676549,3
-1.39090276830199,19.313627116309448,7
-10.962093322192676,-7.777284592715892,3
-11.77080437571578,-6.719934413834644,3
24.738589776803977,2.5353373461335167,4
12.772941207801335,-15.168501962328843,6
18.359681461133878,-12.398849004434853,6
12.480026563341042,-16.08439218748409,6
14.66646680806672,9.159098771411065,4
-13.998569183686882,-13.979503651748887,9
12.102826434135608,1.102661367870028,1
-8.406587707189125,-7.443490418239805,5
1.7171253363489503,-18.904288938258276,0
-19.13839526901323,-10.210064695039648,9
-7.968524492642696,-13.547146620963057,5
-10.528427038241466,4.200106087186719,2
1.0524914884252476,1.17856171089139,8
-12.95261769928654,2.863347437027044,2
-8.631906328178744,-18.054750044506363,0
-1.7290495970958777,-20.16814323752616,0
8.263325357839634,5.304852124303719,1
-5.48264221424832,20.93111633306986,7
14.414349969783295,-12.416708919426027,6
-14.220942105072778,-5.802124558880244,3
-3.2411284374759712,0.14993614793007937,2
4.967380175067964,4.730502432892311,1
-2.092489654864269,20.900115133534975,7
16.85120574899803,6.483910547295684,4
17.712346460247886,-6.109960543886152,6
-9.37683756349225,-1.2170634650391718,3
8.94526992341999,1.7597535489396336,1
-8.24563803906741,-4.515105682253564,3
-10.22062596222414,-14.702922414676866,9
0.4301616292702057,9.296046409194913,1
2.6831560158332692,19.362925834512346,7
16.353837651994247,-14.40860140007643,6
2.344743651270229,6.219028327704417,8
18.551126911800672,2.042035526998288,4
-19.458026623903244,-4.316004694262828,3
7.914204349796485,11.539188731597958,1
19.82740037740453,3.561095111011766,4
-8.718104129622906,-19.221150902146285,0
-11.476499744454648,-17.152988124867427,5
-16.961334955108953,-6.479514514554464,3
17.492664906246304,-12.609138644832118,6
-9.192675028970477,-11.313119812430067,9
14.496015780515489,-13.931486169050142,6
-0.20411932820903195,6.257531824891557,1
-4.633900559874171,20.40869558922393,7
-10.616558636446813,-6.567637523194063,5
15.656794696663926,-0.23669922388522413,4
24.392676185323154,0.8281009953196556,4
-2.9635020518224655,17.46822288671855,7
-7.6434074419066285,8.760665270056698,2
6.518635654547302,2.3785391126995252,8
-18.968320009021863,9.235874632790773,2
-7.412573601666876,5.106361824946017,2
-1.8210141091565861,-2.554878554408658,5
-6.376994258609877,22.217090416990033,7
-20.816304699135635,-12.347140155996621,9
-12.216997196821497,-13.227067936095636,5
12.409861698401826,6.248274682819125,4
2.098584426557265,1.5506729806324646,8
3.650949989853894,10.383486810345167,8
15.057618307037218,4.33179380164101,4
-18.43868749032519,-16.364800976136408,9
-2.9436991909825223,-24.6615561213982,0
2.4302083074903273,6.714744490865147,8
-13.786657358422145,-11.44861837361108,9
5.715085449996392,6.560920987240701,8
3.118599995696217,-23.41561069473275,0
10.297998828070444,26.08921912012488,1
-11.267827916812678,5.606879791941467,2
-15.86565295815216,1.44910358780735,3
23.264153168507814,10.44418436728052,4
4.449156331850639,-1.615404718930824,5
16.789291603400883,-12.7079140841277,6
-1.577612229208606,17.66742187214919,7
-5.899131445113644,-1.2193598133829764,8
2.367783010830482,-2.542753897432537,9
-0.907150531957071,-11.523465489628572,0
13.70116485457449,16.00137741435804,1
-10.57456837005818,2.9335219655763645,2
-18.63262314939824,-7.778089169936036,3
27.16191230779064,9.284111674607875,4
2.475998152767113,-0.26164497827070443,5
19.30237437405849,-13.877989240497584,6
2.1292674440677426,18.913570816971173,7
-1.259191124688377,-3.812376731939651,8
7.594372938420194,-1.6370355451886185,9
7.547973040733696,-21.12730653872454,0
18.141472226067712,11.142489869835716,1
-14.46621184137703,2.791414841104733,2
-14.602521276054027,3.254565560242783,3
17.064875891040284,3.711483591630799,4
0.7786531896884816,2.6846866582326143,5
17.318195585290056,-13.773998996991304,6
4.019834720691479,12.867678920403918,7
-3.239146614732204,-3.4862474419078,8
1.7399304866038552,-7.26727917372435,9
4.9436561138066075,-19.345676637303725,0
10.31747721591771,-3.0589996798083563,9
18.23416016655246,-3.158062872811594,5
6.300958946083803,13.627401036368761,5
20.26993308425594,-18.192904111487543,6
8.413368661517639,8.104700758372845,5
-0.05628162377222917,-25.007104786922504,0
0.9894586297379897,4.46012083972211,9
-3.6254609533260354,2.5337772010247726,8
8.475727123892389,-1.2878989117726303,9
-3.6848852925321753,-0.10036031346889973,8
18.36071797351966,10.61878590979722,4
10.249283895165524,22.21039494145073,1
14.607364048907556,7.226100396490848,7
7.97682381286149,8.368956408069579,7
-11.733698038932525,-6.719624999787026,3
4.421184350849506,9.677899107825825,5
10.372963724649287,19.541107954543996,1
7.694313184243745,-22.41185517159233,0
-0.039373742676463874,-13.201562473345184,0
-15.08775654639529,5.898983938562604,2
-10.968484587989757,8.198725078360308,2
4.126529532277503,16.212841132216127,7
-0.5287977902648757,6.227602386048962,8
-10.0999982587017,8.453603246119503,2
14.567045945460592,-9.410314976703972,0
0.5666650663602528,24.20569576871192,1
-9.733888819694393,3.091239329166209,2
11.855738409243012,-18.115210110779678,6
-24.383950645203253,-6.563434839070731,3
-21.915915672044488,0.09510505784797907,3
0.5618611369002842,17.03999191357996,7
-24.338570388041116,-6.375571699791506,3
-23.377713526424895,4.1032828050117125,3
15.726873852425912,5.908782451520666,4
15.433598188629514,-14.769046963703028,6
17.535957822726093,-8.709106898532095,6
15.198618988256197,-15.790982450656669,6
22.35938746910388,6.695385165525286,4
5.3036362632192455,0.30179973725351594,9
15.147850135271273,14.172038329764026,1
9.724209264614863,-6.001000759117697,5
8.412765766024688,-20.04903911951849,0
5.218802504916215,3.0909108320715566,9
11.51280717467257,-1.8433288433416397,5
-13.594589731007995,9.86108608059682,2
-3.3919624386090175,-1.7823334589231556,8
-6.1250095808553375,5.603854918622074,2
5.753320490199152,-17.811096703857523,0
3.877646588370913,-23.166915016467158,0
0.6597208172780344,26.310286519597447,1
3.7826704492341583,13.539423220770763,7
17.945947241788637,-15.647926260016924,6
-20.919599901473372,-2.1806409605774837,3
-9.760405638566288,-1.3671305302540064,2
8.042469976205297,14.935645441169472,1
9.777773114237855,9.908227068342683,7
25.187300720175244,6.748860193988554,4
19.93713994071037,-8.786831003527807,6
-21.280003780231368,-4.757892036379378,3
9.890190541058134,16.896430932764538,1
-5.155778352165967,3.6666243285025484,3
1.0422068594930711,-2.556641732270451,9
13.841670899081615,18.475113823214855,1
7.72375992565744,14.598648755790135,7
15.201582654234578,-16.863943143505093,6
0.3497115925189401,8.656996407221534,8
19.526094697581524,5.598106361908975,4
-9.664771678078658,0.16844246727494605,3
14.797783642779297,17.53259274671153,1
7.7588546035525585,11.811887973994963,4
4.218131541149256,-22.603579601332,0
-3.645506152626865,-6.841435546974355,5
-16.82206691713999,8.985145544646347,3
23.094552603872412,-10.525181876348983,6
9.839783428531527,2.772547230669341,9
18.234046524114273,-8.139363542302746,6
10.738372079739758,22.235803884440415,1
5.71141716748065,12.49224165122461,7
0.9809691205352353,11.113065465663233,5
14.952217876851904,0.6712365436349716,4
15.996896124738212,9.867455865830584,4
12.698177378027689,8.231956355476203,7
-13.838817392006609,9.818523256684696,2
10.127257233448164,9.45170019678619,8
-13.315698625529684,7.428720487516177,2
-12.396135686380141,8.59092970960666,2
7.861232786906703,8.36055999991913,5
-2.387479314819107,19.877705744536904,7
9.205652747710666,0.34940917403409033,9
3.849717524928375,0.1759733282971585,5
23.407131954565248,-2.567518610938463,4
-2.67976314717476,-4.838227670956634,8
7.233964164243283,4.732024279942679,8
13.81129595372616,11.331203512136092,4
1.6163135295510846,-3.613346403500863,9
3.365531361752102,-17.286777784610443,0
-0.998608919140944,-4.703838343938986,8
8.342526867462068,11.087424722015745,9
3.5474593959656207,3.6053687147865654,8
-3.261339319018441,-19.70725762370666,0
2.5065777761067842,26.78752898258231,1
-11.554555638165175,8.667835861658682,2
-5.3897192068972215,-2.004681666762213,3
28.222183025833168,-3.1226270353718792,4
-3.816209486751448,19.82452611034288,5
9.084630371690986,-21.021052288741295,6
-2.3424967811564725,16.21385217543574,7
4.304373736796387,-0.9682186996700304,8
-19.501842579422046,-13.921472287958172,9
-4.089321352337008,-26.520154915632403,0
-2.5136700618199113,20.44310071884562,1
-13.536328425649131,9.744009361302467,2
-21.080186537890693,1.6311318109305692,3
29.81284500797867,4.172383175309451,4
-1.4714182230646888,8.183437070200219,5
8.063067231936822,-19.78844218255285,6
-2.887582336503957,21.29905218951754,7
8.312680514024382,3.8298713570573186,8
-8.89081174574408,-14.895736881294637,9
4.2663803252750485,-18.0718693357229,0
4.192812449599838,26.275491248449057,1
-9.860574822753325,4.880799609118278,2
-22.167365957397553,-1.733630846015564,3
25.74402521468966,-2.4733382181238555,4
-1.3471707188405766,10.507403281658076,5
14.56960141152938,-11.390473441701507,6
-6.8275394082419805,22.781972784458915,7
10.317811027696878,8.001404213080445,8
-11.33595963904958,-13.611444327805922,9
3.9337840972515434,-25.277175996083756,0
-16.513936073796277,-15.515796221635265,9
-7.812668715319702,21.753667443641234,5
8.227732793977589,12.302456002537282,5
11.167003920021005,-18.489996918381493,6
-4.4745948312621255,21.521242270889324,5
3.570868939469999,-23.550165459385845,0
-11.048379143903936,-9.119141529896918,9
-5.758096740571276,-1.4352489027198165,8
-17.702799327751986,-14.583552048516355,9
-5.5600246098274,-3.3104043370726233,8
28.95324117707342,-3.1411839953935115,4
12.400140399840017,9.466060358924185,1
-8.153811931379835,18.074430555900015,7
-3.1388017286493413,17.060257954266028,7
-20.489073256258262,-0.22733232212943233,3
-1.2960858921442533,16.419958807784163,5
7.536071236566593,18.941428047568515,1
1.8025359740927276,-17.80405763187924,0
5.3636870942671075,-17.281961010417668,0
-12.577890558158956,11.876346423724293,2
-0.17122218291351576,-5.945074006638258,2
2.804611493119015,16.460693377955238,7
0.9756545898377875,-5.016530943167449,8
-9.383207003975114,6.722181825554772,2
3.6584603173873225,-21.72355260384542,0
-0.03238261370272982,3.031201238394246,1
-7.422845750233801,8.842308183814316,2
20.479030885489937,-6.267161928933283,6
-13.843671574462485,6.594626481047923,3
-12.337260297275296,5.797090505184792,3
-7.399617132845804,20.607321551410912,7
-18.686027166675544,1.5496553293574342,3
-16.3210032983921,7.036475396780697,3
26.977211313647267,0.9095985581118051,4
19.6802659308028,-12.76379929021328,6
13.873018530991299,-15.074167084522847,6
11.250623429269282,-17.27333740092107,6
28.859791291509094,0.7226749975812012,4
-16.603948843960204,-16.671454346713784,9
0.8370408080406087,21.506388076570666,1
-2.9924718829323544,13.492458454471148,5
6.74291507789019,-22.409250863120434,0
-12.514982745053304,-11.08296130509467,9
-3.715374187407522,17.091849502567072,5
-3.794136727921202,3.8388292075839487,2
-6.117850795904517,6.860558992570493,8
-3.167317596223462,1.9672275764974434,2
11.652404045506916,-13.132636980553563,0
-5.140186830732931,-21.25319185898246,0
11.009674276637693,12.803129539297709,1
-5.24585976906961,18.70057741343605,7
19.002079023834508,-18.395650961296596,6
-21.409405148026003,0.46972742594445593,3
-11.793590688594337,12.313808183190673,2
9.327474212049422,19.69696664141432,1
0.7988240540796456,17.359182076501227,7
25.29266189834328,-13.649772507976094,4
11.082453878355953,-17.440850296782983,6
-19.175761858205096,0.8971499737912767,3
10.334026853861575,25.29800141415005,1
-21.471349725283506,-1.228139949002359,3
-12.606899197620473,-8.2380931616953,9
9.012537259802656,22.506926180777675,1
-1.199804561337569,21.25768943222318,7
13.278586805374822,-17.026456131074134,6
2.0012753506135876,3.6645052199155366,8
25.413780621447103,-2.345929763104265,4
-13.94761314178645,-1.63527063518116,3
5.724890106834308,26.0250977337663,1
25.67647903981972,-4.368072729396916,4
-2.8677292083834374,-22.759847432999344,0
-4.254120551365178,14.607064535324861,5
-17.42594278156809,1.7228670397292163,3
18.83907023974804,-2.3650309289416827,6
-16.92607353137318,-12.731667559437396,9
17.413246293118075,-16.203224259326596,6
6.217240329657875,26.120057408140916,1
-0.007870045757153388,18.59193970271062,7
1.6688960213438089,12.001264240603103,5
27.270528285271098,0.5560953819400485,4
28.756965475835518,0.3606028622836379,4
-2.3131817235024412,19.237702745661487,7
-4.094115470319336,2.7638358079168723,2
-1.5949297244890561,5.491402976799789,8
-7.391740117123695,6.963333970182809,2
-13.426782058034961,5.29658542501907,2
-9.299932524019571,15.060265023835628,5
-7.840268343071982,20.16196707683668,7
-14.796539560641495,-13.82305192982067,9
-2.1112331420931754,12.943569298199769,5
29.55756588124495,-3.930400615488993,4
-1.7180791740060384,3.536223112777405,8
0.15382244792032246,-7.706172396673959,8
26.431548739499345,-9.504655620438527,4
-11.468718149840713,-16.041786056558614,9
6.788870534979516,-20.916838866423852,0
1.043663213047041,4.349841540314012,8
-20.861116553163775,-12.020266059207188,9
10.424772285678108,6.834303164865577,8
2.904995187220938,5.780299505780484,1
-12.272590033978553,11.283522657875157,2
-19.25872556856577,-9.03046092359763,3
28.22762961472268,-9.628070292184216,4
-9.445689866525788,-3.4727430984054024,5
12.529072643775933,-17.747892721863273,6
5.179901443176637,8.546853952148147,7
-8.953979296073266,-5.007215020060309,8
-19.54570456512085,-10.886697131216852,9
-3.6392041911147763,-24.945107666839718,0
-1.8835250463707676,7.002629260552252,1
-7.053442471883539,-1.0973293603311571,2
-17.9720179803225,-7.822439396247517,3
28.763295008118405,-6.931766060733945,4
-13.141611711261014,-13.577650583473586,5
15.7696124985068,-17.164658694490548,6
-3.1094180142921024,13.925370646156138,7
-9.526220454112927,-0.8759666674598966,8
-20.105947151934384,-13.928130603824638,9
-4.4375947517752765,-22.73900602927894,0
7.751541914063505,5.236379372830998,1
-15.940644646107058,11.071429558262114,2
-20.211817609056293,-6.103366235891176,3
20.432058095257855,-5.506586110330203,4
-13.170186739087153,-13.605821086109378,5
10.329916324372494,-15.977352830625739,6
0.33669852017613416,13.093894297006369,7
-7.196982655377361,-3.90423725096867,8
-21.80270351297142,-8.929591654779632,9
0.6782112229472852,-24.467401434294622,0
-24.947295938706382,-13.182690901194581,9
-15.065681922313805,-16.846251018802878,5
-13.830509253600942,-12.693740893309313,5
15.311992674614984,-16.45877505801815,6
-15.870823526390353,-14.986521547660173,5
-6.436954714271489,-22.790717393866878,0
-17.73454835709737,-14.970395435274348,9
-11.398778356635546,-5.161201772672524,8
-21.220122908349094,-14.260820373872198,9
-6.497904374599207,1.7228258595034491,8
22.699894086375593,-3.6411735345911618,4
-7.8939731055498035,-0.9697201178883804,1
3.5243659257563955,14.776198135552283,7
2.8067673903799815,12.750383359694967,7
-14.383121091418507,-6.484424455117347,3
-14.666634196119203,-17.849520084631166,5
-5.1957453514179965,-2.4927238079302976,1
-14.02280200565603,13.631209481897663,2
2.410320151737555,12.667060728970334,7
-11.536336933327838,-3.837101288216667,8
-13.131088468151447,5.997997870950961,2
-4.593432476291974,-22.960911248908047,0
-0.29272097228731725,0.09592675694859398,1
-11.248326353210578,10.808384982647246,2
9.667843403477146,-17.120243227659664,6
-20.079899949727494,-4.541711611568929,3
-19.649402507922833,-8.10001391521191,3
0.5602894690397944,14.0266182119407,7
-13.925381321138126,-10.811268137359857,3
-17.072453205992005,-12.494646664169476,3
16.78027824354112,-6.694960700222353,4
17.42958617576556,-16.011505964901552,6
14.007427098795596,-15.703893081369449,6
13.241280295863739,-15.124192435270286,6
19.889530981520068,0.14466573275424466,4
-18.313229214286125,-10.680460063198222,9
-5.083442928111949,3.493731116033815,1
-14.359210039206545,-11.306694296435987,5
-10.297382745578682,-24.077772806908158,0
-21.04479727463542,-10.018588034674856,9
-14.88014292184944,-14.45963584741926,5
-16.30085472876156,3.589474433729472,2
-8.743575517811939,-6.152350068733935,8
-12.12735265274364,10.501757183513101,2
-6.9935526068095095,-19.817790611011205,0
-7.192459248002657,-23.95415130816921,0
-2.5235881531765325,2.3564917379812558,1
-2.5643567748362788,17.736462535973324,7
10.636219605437402,-16.596479731194723,6
-7.906555982182692,-14.159896931201155,3
-11.967601802990316,11.248584997737893,2
3.7820939108325393,4.558348724762227,1
21.65337162044543,-14.012919138502223,4
19.927229970898388,-8.222094264617358,6
-21.63355499012806,-8.552827420159705,3
-1.965102172450323,5.457177642387815,1
-12.770170317737362,-10.263706524281256,3
-13.749683224602624,-14.181323887117284,9
-2.204305545104988,5.853021486649294,1
5.356475509303163,14.121160207499095,7
16.558492334820677,-11.851759077721848,6
-6.427620334482233,-4.9115396370065865,8
13.676393604779818,-6.6935262435339276,4
-17.156415270690317,-4.154846170771766,3
-3.932844843651389,1.4295710440640392,1
22.45206023647958,1.4764549283159107,4
-4.140715594341973,-23.009595775614287,0
-12.29595036090758,-3.675448356305646,5
-17.408186776393595,-12.16830308860506,3
15.676738746627072,-16.124558088912266,6
-22.686826502296125,-14.439855769948585,9
15.906463657401376,-16.545097424634307,6
-0.37250930219108713,0.9034734078259374,1
3.2603639984278794,12.337376081194567,7
-13.78604843443297,-16.48521263143489,5
27.236641122717014,-3.135345685494026,4
20.53231538246405,-4.845371563275917,4
-1.4534728966628512,14.990381018188566,7
-12.201853137603615,5.974431759301275,2
-7.813060338622592,-7.408440551658138,8
-11.207710570103043,7.310066591037728,2
-13.636307443790432,11.253546464502461,2
-12.592224825686163,-18.629293509859224,5
1.2926729699214623,14.239012478484302,7
-17.64854711055041,-16.203950051793942,9
-16.83370186164214,-12.766784564401691,5
13.615762341141265,3.888378484591655,4
24.445604108344874,2.8539346442471283,4
-10.83474889226449,-7.099126705314347,9
-12.3582430602151,-20.103205379551504,0
-9.106999742470604,-0.9737970014849802,8
-21.184998586726344,-10.509433299922593,9
-11.758287663469703,-4.732811183273524,8
1.0062359960946057,-21.124797138632758,0
6.543810618183856,15.936491456124847,1
-11.527638595189792,4.253661312406117,2
-23.135770605023097,-5.440718888881848,3
17.003637982189453,1.8587618464491595,4
1.7436603644206135,12.013778655115688,5
12.785958523900295,-16.6353459596589,6
-5.360000038275422,18.292157562102638,7
1.5303687749053705,3.9164990680652965,8
-12.879029448179294,0.956071140906364,9
3.755737969812025,-26.31138956360455,0
8.851551743231889,17.00336053264825,1
-8.671726300725519,7.679676396597177,2
-23.394707456111792,-5.353395579576128,3
14.489786195507666,-1.0510454900835937,4
-4.617950588230467,10.564442752368675,5
11.121719743456,-19.379997579580184,6
-0.03664628415621113,15.99842888052268,7
-11.211001000843526,15.329800580192886,8
-10.90305960018565,-7.629518241097522,9
2.1351353667522037,-22.895956070855014,0
8.692891673310116,24.761500637659204,1
-15.186493248569537,3.068914248171561,2
-24.583835941748223,-3.214214973771012,3
21.257872112011633,-1.018290365818461,4
-4.0327828106527015,-6.205048221596316,5
17.204063999193455,-12.42765237527068,6
-1.261115812804423,14.46413482357926,7
-8.307286364362131,-0.7093650950753516,8
-12.299079057608736,-7.3806166913241595,9
-2.834993333036745,-23.971419256258436,0
-7.922650177269865,0.1424702445613415,9
3.3794849579409787,4.789768298620555,5
1.2611508700938283,7.669230011770489,5
18.888785366770215,-6.023156412180662,6
9.148219524073937,10.919219022514751,5
7.120084954191695,-25.652752486337477,0
-13.05830280854339,-6.921208382534989,9
-4.51707865305459,0.5764495495127191,8
-8.556445678776498,-4.910531720192671,9
-3.83541024878691,6.489419365281339,8
16.47459610433713,-6.659076208881354,4
9.161382404167906,19.758591547783574,1
-4.963266375787751,15.269583418064064,7
-3.02827661103972,14.764671551408737,7
-24.176905141151543,-2.5861458328447418,3
-6.651814981515183,1.0024421368756435,5
12.57016624652272,22.273610923310997,1
4.709834382697149,-18.37720178267748,0
0.2994538823885628,-20.0449779159784,0
-5.550634753351099,15.176879736722801,7
-9.450645273506314,17.403629615094196,8
-15.504660030692081,7.960257067341004,2
-5.092036787109579,-27.377140482939026,0
17.157867458767747,11.660826118779033,1
-14.275645182155502,5.139825429548499,2
16.592470047034727,-7.092876605797048,6
-31.169904124544214,-8.264709427324735,3
-28.403217010175116,-3.1783023288044694,3
-3.8072115351823093,19.75460997591641,7
-28.858179711564077,-7.508727628354248,3
-28.833299044034597,-4.405791605441994,3
18.09637738309275,-0.1474685978976802,4
15.344991844901454,-12.437231671424872,6
17.28236514867682,-8.042618003606387,6
19.79323226015732,-11.135603512308167,6
5.1057910039717145,7.814782819113647,4
-9.66600286591128,-10.366224458888585,9
6.917905332308299,25.25857454196069,1
3.773440620510845,-0.8181385446558669,5
-3.3091323655586873,-22.170134830086134,0
-11.296237158905445,4.463761685159105,9
2.3987396979100915,12.637748789853394,5
-12.999424785011506,3.617475552022003,2
-10.212179801621925,2.419568257195894,8
-19.14497560215366,0.7605944844150772,2
1.3966760281419053,-28.033118468141076,0
-0.6831261117727263,-30.092205090486722,0
13.1696351662142,19.22973237820765,1
-4.513101736774692,15.942553416418535,7
23.701620775981727,-7.619499644114954,6
-24.802725508504157,-4.767674904902614,3
-16.82139118561082,7.6635089257214535,2
5.199842691815798,23.765120398432344,1
2.296092540745784,15.305809910304683,7
17.33760974726936,1.4926447650494925,4
17.746601436118986,-12.007547565061884,6
-27.87607152345021,-4.252568610742749,3
1.250279038278816,22.275449943152736,1
-3.1951235669299454,13.079164435341509,3
-7.745797247134827,-4.829806902503388,9
7.968875273379918,23.31057058412442,1
1.4572943852900078,15.78704491360188,7
13.626542597285146,-12.12011198160683,6
-6.421843553608892,3.773581559673203,8
20.19453353750315,6.286832926045456,4
-27.079436469195276,-6.015398571523907,3
14.42434339973507,15.635830349694883,1
23.32308057894409,-2.8974676742843646,4
-0.7628063146162105,-21.869208771624407,0
1.388734255846814,2.2590172151516494,5
-27.482941136628636,-4.6824825566134844,3
19.404806976433317,-7.99269976509859,6
-19.52280534282313,-9.33689142534811,9
15.09281288588512,-15.890987268792543,6
11.640585777862464,21.648566872396138,1
-7.740577898338708,19.54972338364839,7
3.377691336501992,-11.430169675928258,5
26.044891551037146,-9.176246088483946,4
14.353692623258066,-3.204963507505787,4
-2.1813153951915454,14.924974101194026,7
-15.26042283444556,6.464767284833579,2
-5.160621505602588,9.980802075930558,8
-6.050358260009616,9.694127032801315,2
-9.124145664463608,3.958754720361349,2
1.9905732843199284,9.499195567907812,5
-7.420789715014316,18.12051128489228,7
-17.126213569916327,-0.7098531216618296,9
9.323214674796649,-2.5724499957292983,5
23.768437576184255,-3.2295319014175465,4
-5.994875866234566,5.448800023000263,8
-8.508921881638791,5.280651540110737,8
17.579976615657753,7.210307879786004,4
-2.2890860858544495,-2.4179832630140785,9
-0.3558880065047106,-26.167591339932315,0
-0.3951568096147252,11.84069129574901,8
-17.401395832659365,1.2157191362142998,9
-4.342968131056906,7.003282752729284,8
0.4016571105004398,-22.68747409206999,0
5.722827132740408,14.598464594925828,1
-12.200241804844495,6.616349758927058,2
-26.150029168888477,-6.178781504242444,3
26.762970835468057,-1.866800354316466,4
-0.8220410397328877,-14.19904352299673,5
5.380532944557281,-19.60254220861774,6
-7.031389167951483,18.98347166724991,7
-12.037015204928121,-2.3419478460753105,8
-14.57921008441182,-16.41529007970083,9
2.308295211243004,-18.228903324137605,0
6.1797807114725325,10.943808496989691,1
-16.43585774130966,12.43898864218235,2
-25.342351176336173,-1.863266213266623,3
27.292234088741424,-9.03620615052153,4
-5.57515228138806,-11.014811547162479,5
17.91253688635638,-13.464704273853549,6
-1.4078453268637088,17.032414650446313,7
0.03060089409580291,8.904059971339374,8
-17.067337899527008,-10.177145045459058,9
2.35343526701191,-17.621630192493605,0
8.384507394925746,15.601052106882301,1
-18.046778896775503,13.389501408058939,2
-25.854343491255243,-10.810943301934723,3
21.01747387090955,-1.034637350035977,4
-3.927005452610285,10.723360507460406,5
17.80904133780141,-12.420584742674146,6
-0.5697665647073735,15.907762781072607,7
-3.2382819471533706,16.09028211261993,8
-6.536490727732505,-12.620568200117066,9
-0.9741828967941826,-12.167150276719507,0
-18.012812473108767,-13.724345583022867,9
-6.582566083127955,-4.872530945440124,5
-9.230197194213002,10.306785526820414,5
17.498242775491978,-12.578730220880391,6
-6.015044465906512,17.38510840493121,5
2.9695168239943244,-22.71450553646067,0
-16.43354086033908,-12.220060918698486,9
-4.381189131949229,7.94196908296418,8
-17.983540758247706,-11.478021797458167,9
-3.163219287622306,10.301325959678694,8
27.990297927629996,-10.210455274569851,4
5.34603569430155,22.426944228416396,1
-5.910492093647483,16.71309152975273,7
-6.02520988067161,20.00758508830775,7
-11.487967563919693,26.054649607544896,3
8.146359635817848,-8.696128117495537,5
4.906701859298504,16.662815094828886,1
-0.7710633594696015,-22.859279782799533,0
-0.3316471429445467,-19.38970244946536,0
-18.829688157305867,11.241996379450903,2
-15.360772967628485,11.000798980992384,2
-1.7574911303542922,20.585789239516046,7
-2.2936710172661483,13.50646227922259,8
-12.982536124404993,7.264182123064426,2
0.5222996753977343,-16.56957052709715,0
6.963874719646983,26.440573474966484,1
-18.876510833015445,9.166461842875412,2
13.79338338311497,-14.098321864537441,6
-26.49487700114535,-12.18522867724896,3
-23.846687146510895,5.613073333187658,3
-4.322451400849967,19.020571160436162,7
-23.410400705768684,2.770997934455462,3
-28.391558815581973,-6.509052149833753,3
26.162949713346443,-12.670259146518863,4
15.596475592403296,-11.46919664327626,6
19.015448096164178,-12.04052550160966,6
19.401875154883378,-10.940341158515288,6
27.361410429491613,-3.7977837391812743,4
-17.219487459076333,-11.303357189598996,9
10.002826037263574,17.352273399082925,1
8.03553880901081,7.075968817506363,5
2.744551129865663,-13.721863902923397,0
-14.434580072684335,-8.558897439667314,9
-6.228906284283527,-7.73973138275563,5
-19.870052789490067,11.6387048420288,2
-8.880074719777143,16.22810374230332,8
-17.087240034206804,9.141158107915297,2
-3.8145309596971235,-11.776093297536928,0
-3.4468837208659115,-17.156141776961817,0
5.50189182879087,26.84341664209183,1
-7.951653813521119,17.07107401849529,7
13.507914463433664,-12.774965019582028,6
-23.65137590046591,10.915835343231032,3
-19.764848741816774,7.331069545032959,2
0.12421175132858964,20.33905156222398,1
-2.6645789795651806,16.996981873481985,7
28.98470560446196,-1.206019864081197,4
15.258915698448789,-11.097501367258449,6
-22.983243709785175,1.3505311130931328,3
10.774543907769088,22.538224308842963,1
-21.995086335008477,0.21241736597185645,3
-19.44367537670957,-11.245685680836067,9
12.415675881993714,19.361085863002103,1
-2.2403210673679843,18.722693296884664,7
17.175308925673846,-9.556569814467665,6
-10.506757868502401,14.775109892363274,8
27.798676929234556,-6.52214230274973,4
-23.19168915860281,-0.9480862202125517,3
14.61966040757222,7.854258772605062,1
29.515865556405824,-6.809990794283469,4
2.5746601145227745,-19.230655079878012,0
-3.3638153259364483,9.66991388081936,5
-23.2803811222234,12.88746039691378,3
15.397614944639935,-13.865282293618499,6
-22.318219505952147,-10.985204021238546,9
16.517511816232357,-11.597980111572635,6
13.482669079984813,3.4364242796045765,1
-8.872218797394455,17.090593033681984,7
-0.5445414444835318,8.26511118684845,5
23.88915148980975,-6.1351946330402,4
29.97705910465343,-8.008168889239599,4
-0.7588581903670095,18.78227387669424,7
-9.15482262576507,0.3982528077336611,2
-1.3532635108452333,5.599848403005854,8
-15.787143861102864,6.111869883070388,2
-21.905319288470203,10.79040693255995,2
4.834242087740028,1.6244902166833395,5
-7.5189877712165,21.254680516600594,7
-18.632055606638183,-7.688307453564303,9
-3.5929226754291546,9.024292709382362,5
28.123973063689192,-9.994561414116967,4
1.0021582477510225,17.3341973128208,8
-4.191919311337813,12.911402620185488,8
16.373160882205433,-1.7568846794448845,4
-23.353098497140163,-13.52517058309099,9
-2.600040416229196,-7.387075302654363,0
-5.248746161972948,17.63653774811528,8
-12.10821231603709,-8.859179583993988,9
-4.557977028816511,13.067931433231534,8
3.1321675700984337,-24.091135113586624,0
-1.6853608047645376,-1.9928660261939855,1
-10.983601704885398,5.381761779439631,2
-30.255839048923573,-0.14910928286165404,3
23.45942930798127,-11.085011120411048,4
-9.572078132544684,-16.109874557022593,5
9.361808474393122,-0.9045219027661747,6
-4.616027839522603,18.49683302295079,7
2.7306932880354062,10.00989559528958,8
-20.588361132048018,-13.896080425721136,9
8.278127118926719,-24.385327315414294,0
6.706794567357339,17.12123216266439,1
-8.546369484922735,-0.14082809091577042,2
-25.850819850547968,-5.907633397454877,3
20.530518008570393,-17.857588919514733,4
-12.556468549686656,-6.134044495477994,5
10.84098013423132,-2.7732326617238074,6
-8.852996623641284,17.232894494702116,7
1.672715763575594,13.34555923001413,8
-21.33345441060001,-11.624884098813755,9
5.235430550691557,-27.906319486891903,0
-2.5931044525394285,-7.193724799671006,1
-10.113556227388475,5.568450666464439,2
-21.228273764164538,-6.156919190842526,3
18.37174916370662,-7.26845820187212,4
2.005154921325022,-4.557760849012874,5
10.994861492558961,-8.737049294971914,6
-12.692051031305855,18.40109825814195,7
2.82161230899657,13.781623170224716,8
-20.158719337535704,-13.425150472213716,9
-2.7651347214378843,-28.98545941951874,0
-19.34727115883709,-13.021544888497557,9
-4.959977963133995,-5.035723195833889,5
1.3296892311169182,-4.0549885183101155,5
11.985111075569412,-8.990060745106167,6
-6.0848840751455615,4.369963670239219,5
9.343732556597136,-13.649436286268847,0
-14.121399990762269,-11.246913506595673,9
-1.5215004451681244,14.960018765478496,8
-11.741343012782217,-11.056177295543321,9
2.8180581512081018,14.025579669633627,8
24.546997148964664,-12.457835859144136,4
10.276533086220459,23.55450060278274,1
-9.116975831748467,13.020166170416678,7
-12.694692014354322,16.017959910623354,7
-26.62576845295106,-4.971980239350496,3
-4.092102575317177,-6.485577533901516,5
5.683445671709084,26.882017503383963,1
6.4539656420912435,-26.138822932726022,0
6.497666655232488,-25.287790079929934,0
-17.755310138426275,0.41094147909503764,2
-15.160610520067234,-8.479284233162069,2
-10.049213078870702,19.16230805516782,7
-0.7543213047594921,13.315106895741557,8
-12.35425677952555,-0.92076118483504,2
-0.6453051621332986,-24.616744612982423,0
1.9758888507372485,-1.7092212634590642,1
-15.168582660929493,-1.6808082601035306,2
16.84730834408071,-11.890341165196041,6
-18.117803336769637,2.9249146467069034,3
-24.278468885621553,-6.209952519478668,3
-6.327343708470836,19.130615641571154,7
-25.499843066644598,-9.137424394078195,3
-28.36527497682439,-12.04110433179719,3
23.411181966978027,-10.741056043456403,4
13.09773169403751,-11.172219785060799,6
13.694095393018488,-11.25473486120422,6
14.906170917726293,-11.224314631286196,6
29.479084208670624,-6.672161979278223,4
-14.779916262065251,-10.936887478624326,9
4.111190168841853,24.44879045304605,1
-0.40653821411349406,-13.562407383097291,5
5.008343574831669,-20.332082155212305,0
-19.400445889442288,-13.316183420958389,9
8.886698432055153,-7.565009752130111,5
-17.65123604380062,7.706488166586219,2
3.029972052621351,6.703588589415384,8
-12.680226562576168,-10.821747334544975,2
-1.4181440970372183,-22.164002975805353,0
-0.9087339970338946,-22.73580151858225,0
4.365186360766412,7.778983945637281,1
-8.377338640900252,20.50647917203493,7
13.84493236199281,-4.308736193633949,6
-25.108025514269123,-2.192742112653877,3
-10.270800509112226,5.216620210010567,2
1.4129468001474845,19.971138853028634,1
-1.4836753325354965,18.481704839519935,7
24.747085559194606,-10.305648969059478,4
16.69692726878473,-4.731176027456508,6
-21.811142348425438,8.945888326333673,3
2.5754401078257088,25.34176036563776,1
-23.671472769070803,-3.351904368271609,3
-19.65468103589218,-13.870228276866523,9
7.688520083243112,23.18037235033102,1
0.02742287651807851,15.413954396865963,7
11.775333743177026,-1.8104349269050055,6
-6.690820365576728,16.438900068877928,8
20.99945096540113,-13.258939782203608,4
-22.603546702718067,-9.349249688105452,3
10.783308036520808,21.905775727811104,1
28.842028224939543,-2.0067407211205794,4
5.198147180428978,-26.770975197156574,0
10.486447317568485,3.533789077999356,5
-26.395865854941167,-1.3856233516735048,3
11.429253786321727,-7.656495685326177,6
-18.101835055498622,-10.849682516565275,9
10.42008546427632,-14.491706136460648,6
11.166337989507129,17.885281919931636,1
-2.779859598226911,17.484628086686385,7
-1.9106052112021006,7.295320942163102,5
25.200427271565484,-11.239696628234464,4
26.46136160443552,-11.211585305732797,4
0.6803916536557826,15.003681723994204,7
-13.681924531074564,-5.591533370629409,2
-7.861007508315931,12.760311403855088,8
-14.101395746395342,2.6069466944982977,2
-14.633312363098627,2.8062713976403915,2
-1.0244784380359462,-13.604114183161874,5
-6.657829809969619,18.241703602846222,7
-18.877436935978327,-7.513937486582399,9
-11.389254728781703,2.4373117934696236,5
25.367562005749967,-9.051914729523823,4
4.922678982120169,18.10251215557595,8
3.6663951072740013,10.910971619961954,8
28.629769010310998,-9.727174082668384,4
-10.094248396599625,-10.805107934702377,9
9.25110286320598,-16.64332004603041,0
-3.4509586581626044,11.679315539225861,8
-7.301118225439707,-19.95933847547021,0
-4.904156197908326,1.3854781111333696,1
-9.769411401074395,4.8248997707236665,2
-17.704610854160943,-5.22443272445199,3
18.08990163048195,2.9552272399263044,4
-12.529105839300136,-7.072682589004139,5
11.702694590314051,-18.56944608205619,6
5.863024731353961,10.89312045884103,7
-12.493531366785648,-4.092322472904696,8
-21.45409400502906,-10.385218678335471,9
-3.653368292727649,-19.198796359590027,0
-5.529749646818979,-4.688884526802454,1
-6.508921121397071,4.701791407744734,2
-21.38839084325348,-7.399175153580109,3
25.78968360934236,0.5440142763503086,4
-13.056545562360878,-12.89803364149493,5
9.788655986588697,-19.850945893632726,6
1.6868664761482894,10.390239912385558,7
-7.995309081055479,0.2270547241487737,8
-22.955508494086594,-10.750362848164587,9
-1.4040126231553094,-18.152433012585057,0
-3.118783324905843,0.8298392845810443,1
-13.311691055551682,7.330767885365182,2
-18.579318318253076,-1.0206852962767765,3
25.033478259618835,3.7115383587302286,4
-8.580349671450078,-15.238548150595054,5
11.263760105098523,-19.747919828890772,6
2.4724300133661767,12.89714579538788,7
-8.448562647602701,-0.6648563195957011,8
-22.167317974122582,-10.811344818799768,9
-0.565028693628944,-20.737493380673122,0
-24.544197499182626,-13.509772628832245,9
-13.938951862896229,-13.5281707224567,5
-13.897482649911082,-11.854559094263431,5
13.175929177239261,-15.770326554432845,6
-8.06893643433469,-12.226410358983985,5
-1.7981297474074285,-21.56672631432093,0
-20.60281789536535,-11.81611048084822,9
-4.080118371685556,-4.61741448528096,8
-22.379010437932497,-13.235844832240558,9
-7.086084921862325,-2.5751948810679006,8
26.689183970200727,-0.6650658868853567,4
-5.126479903563608,-10.347591662589231,1
-3.029883972580674,14.836629736678551,7
5.507646675653481,9.544069439757344,7
-21.45586376945291,-3.319150646486108,3
-16.68409686655166,-14.038195644403102,5
-6.802489665233009,-10.70541383442298,1
-1.6854418698367213,-22.719163295973082,0
-3.796509947289617,-20.32110553995004,0
-15.392337799752095,12.412372739084255,2
-12.885134760199202,8.24187366121969,2
6.305113002659544,11.251338963178991,7
4.223122179750681,-5.102029699034443,8
-13.467146855342014,9.544971850607919,2
-5.302317288811855,-28.620925984662144,0
-7.621730531350816,-10.502678151615816,1
-11.380506839583218,11.104462175362233,2
10.53797328633381,-24.776345063241457,6
-18.388910523306834,-3.108738192420536,3
-20.053045882305707,-6.602360395093562,3
-0.8655760057217963,16.785953387802564,7
-23.220131756926424,-5.1220959724349795,3
-27.87534780491259,-5.618274276641218,3
23.6403370083664,2.225369289628781,4
16.242453064988858,-16.1149996641142,6
10.622580511023044,-20.20983629199985,6
17.12594899057744,-15.543506697367246,6
25.738083068390353,2.5337592729318015,4
-21.72797099214801,-13.248456382521303,9
-7.339394248656598,-10.462325744884733,1
-6.401792370481329,-11.722121198842057,5
-5.738807327162338,-24.324790585984147,0
-24.92831372025643,-11.082160669343082,9
-3.8426904780102733,-11.017139680179886,5
-11.620071062845048,10.725635071970254,2
-7.0919178682901185,-0.16961661644998527,8
-14.387800282809875,9.694119414400882,2
-6.6093546847019695,-26.982148736763463,0
-0.9894164541572745,-20.70406489812258,0
-7.724722522205633,-14.104939031513233,1
-4.611775664697849,11.188428962086792,7
14.460526760509898,-20.703920255875012,6
-20.506739245240947,-3.260525582372561,3
-6.515110058427526,1.1257790238696592,2
-8.573633671121666,0.2602678246762369,1
-1.5016871431929981,13.59378650700508,7
26.750804804382774,-0.982236618841857,4
14.132731550014137,-17.97565098039803,6
-22.024186550851585,-0.9954255932411096,3
-2.9827518223812315,-0.17915735199930616,1
-21.33335502927781,-6.349772054048056,3
-19.081847203125758,-13.215392966965219,9
-7.345476787048583,-6.206334644003332,1
-2.353472706550936,11.73406045423141,7
14.665266218660296,-18.655444577321568,6
-5.714448210287513,0.9391820151544903,8
25.09501752431016,4.111299287359616,4
-19.418669049284272,-7.935603792422054,3
-5.258594060048375,-14.220070168075909,1
24.40942792166733,4.991429302987362,4
-2.4811853838461855,-22.915197265454907,0
-14.622670237061367,-10.854149947313534,5
-21.717041079151176,-0.5340362384610897,3
17.03061744571728,-17.167207483946022,6
-24.311255802966002,-10.63379974430017,9
18.412287324993937,-13.480830673492177,6
-7.611513600711024,-4.4085933999870495,1
1.7155061408506018,8.332536190364209,7
-14.860484827238194,-12.205951934418533,5
26.747634131271614,-0.03034754732942102,4
18.592521987855296,7.4044203064400005,4
-0.41410681166532815,13.054197399530006,7
-16.893807558396126,11.108336697333314,2
-0.8022444378722823,-2.136168587136633,8
-18.471246792905557,8.396560155973672,2
-11.102537666062732,10.61727931810953,2
-5.296888401371076,-11.869749942858215,5
2.4155759130603625,10.427785365801508,7
-22.855108381348774,-13.274998231758277,9
-8.677347137033216,-4.6093735541216585,5
27.008549797168563,2.301933140173883,4
1.3408652860930492,1.4568975415209193,8
-3.4225221391809617,8.750674398189211,8
27.522979594487147,5.502672931690057,4
-16.71795810661052,-4.562076495436995,9
-3.3622277592725296,-19.449763651340568,0
2.93458119405017,7.633207169103553,8
-20.10407699825409,-9.392460216269772,9
-0.23832127894029903,3.7118930524720213,8
6.658955162944725,-23.74121762377419,0
9.918828611237636,23.7116343188801,1
-4.943500464945259,6.348848907330005,2
-16.628641374114448,6.696499927547041,3
22.25332901891866,1.4443780881969728,4
3.3449253817818336,8.7249983513292,5
6.59296349436612,4.520904196792089,6
-7.210671762457339,18.742867143312637,7
9.865129957101681,5.568727146439138,8
0.5191424066503503,-3.3239607456610187,9
6.620387525092622,-23.501931206838357,0
9.35910162527694,18.77323003748888,1
-3.9371706890977918,-2.8574191339838735,2
-17.573321022333452,5.398844928008946,3
24.079403986456107,0.5207492819223356,4
12.427988133890551,7.51213475786737,5
15.297738725907983,-4.407027803484497,6
-8.687128067190873,5.336475752235234,9
7.610083116426943,-19.005224309743326,0
17.278439105552618,14.210469372434478,1
-4.522421274097002,6.712277176186673,2
-23.249443912807994,6.53130924293618,3
20.519572481782447,2.1368303797640187,4
-0.017796536212400793,11.05626623805463,5
19.12502298051506,4.636205595806608,6
-8.076770048312646,21.424535804875397,7
2.480674932010822,5.39162479837263,8
-5.764374817614762,1.1320038981459306,9
20.092274912970435,-4.6009413851431855,0
-4.110607395809708,-0.801497911691418,9
-3.1363583864808735,19.945608815251965,5
0.6945411434444895,7.606229739719993,5
17.239126733415233,-7.276147280635829,6
7.721417769296174,10.170668030376316,5
4.027628331683059,-25.079505250248495,0
0.8968022696786704,11.685144856444742,9
15.114055427137592,6.613649578181075,8
-7.248545556100367,18.93631212216362,9
3.852902728272204,-0.41050232807660336,8
27.286973325727676,-1.180761898400192,4
6.1363867846782645,25.560129240314374,1
0.17640612481787415,17.89492569708407,7
-3.2346112615300457,14.721353045954912,7
-16.505397257996336,25.2592847531875,3
1.541223640587527,-0.45637770435786384,5
9.224608050458965,23.02946160221593,1
15.821784651525002,-13.0287195077322,0
0.4365496610225779,-13.799035672077821,0
-7.055192103002675,-11.358650001194675,2
-16.667619389382953,11.012851770470085,2
6.394905560639844,8.018312260382448,7
2.6581203465637637,9.687775562198503,8
-4.737475625664689,-3.015702828180051,2
10.611388588013996,-19.713870289786534,0
16.20516212322797,20.215554283833036,1
-10.230717746623716,5.025995858487678,2
15.882121973311099,-2.3829737185460216,6
-11.995636835152544,21.517235913470117,3
-13.513263631191295,27.494447547649763,3
-7.090064007328168,16.88907785931861,7
-7.522382087464849,20.733717137466286,3
-13.933436230741222,19.15565375258381,3
16.133822380248727,6.298400938933032,4
21.318107703548513,-6.956037530555036,6
21.93460809469262,-1.499035744329996,6
17.304199687446385,-6.916309308660979,6
-7.0734221228869405,17.963197619351355,4
-0.9379813734199165,2.1653938611513355,9
14.345820579600014,22.4482359750671,1
1.72906185182299,12.899587257981132,5
17.35604936548735,-15.225572664319705,0
-18.14792807282263,-12.076998969603125,9
7.931165366508971,5.836159153313513,5
-8.88518874967769,1.0091710584138824,2
2.6135578465527827,7.799124462958538,8
2.377071168961081,-28.79616963929137,0
10.419132417479597,22.697437727149307,1
0.014928524705236701,17.884477241344683,7
15.607804506929028,-6.3819377338561685,6
-22.661381996346666,9.373795548641734,3
-9.158409096549898,9.145916986707606,2
4.721348260683111,22.4591901975189,1
1.5448656940475884,14.14462273690143,7
-1.208364136649067,17.007380765159944,4
14.40115054410417,-1.8583225488031752,6
-16.805775435963746,2.4969179458205044,3
7.401563724488114,26.311336903797084,1
-13.606254280351276,5.152124440245971,3
0.3981163937492003,13.463715864488744,9
8.780643119668886,25.798828772949392,1
-9.182534162394019,15.876183681909025,7
19.18786251475339,-6.843363194360708,6
7.786176644721651,0.9131141181824796,8
28.29025623023886,-4.315851861741538,4
-20.61903374154,5.402166211704804,3
6.249832751961204,26.507498221673195,1
26.282900291354206,3.0376784301151147,4
11.187547704009246,-20.785738405285294,0
4.572444735469329,11.492527878339327,5
-19.679596496293083,0.10926246156276842,3
17.867309392546005,1.833128309271434,6
-18.945982150500935,-12.72125877850213,9
21.155068178469527,1.8241876778397375,6
5.071090604832692,24.19125266991999,1
8.591492551854452,18.300170194671473,7
-0.544611369946359,16.52523765360109,5
23.754032194306514,-0.1395022241077959,4
16.48408080096834,9.761890868259814,4
4.512887132134952,19.188302630012814,7
-2.71229151987008,6.8663148186269325,2
-14.610993708371028,2.61929171785678,2
9.905384424419509,6.088601826294049,5
-2.214893007492929,13.303960959261525,7
-12.417198695466931,-0.7946883189567113,9
8.81411155546026,11.412754486699491,5
-7.7659424069607805,13.97530476345121,4
26.67571570868822,-0.7498665985548073,4
-1.782234773366875,15.464903417204633,9
2.5986849718231366,-20.94702083279116,0
8.807142245899884,9.227248253480598,8
0.5117480463618751,15.777880303631148,9
9.607122244557662,11.48515627693467,8
-2.4815276162087083,-21.233822202349693,0
10.907997323728718,9.195755515508834,1
-12.851702297420676,8.22101749978869,2
-6.458163202611412,-2.1808142959989727,3
14.140837175838556,2.8752808793386553,4
-5.71091336197971,-8.730561663453678,5
20.420802473706836,-11.349753722772562,6
-3.035676506086086,21.768402689512413,7
-10.378171770103034,3.2515174890855967,8
-22.155165734722928,-12.470574874085681,9
0.018643331901879057,-23.560884877912585,0
16.22666118449473,17.055344360337735,1
-0.9857217982482203,10.680229136397283,2
-8.23150887524288,13.919719595906768,3
29.096228612357894,-4.458707411028264,4
1.283315982677277,-3.2044159479717553,5
15.968989263376665,-15.208597451358177,6
8.700765954310926,13.273433153543056,7
-0.7809223613761112,9.767269906620086,8
-19.49636924994989,-12.570267899678301,9
2.384063039127639,-20.721480803262068,0
11.680322822254338,10.294422118858076,1
-7.954950757082975,10.934598063551636,2
-4.734688673176154,4.673980061741727,3
27.788174778440883,-5.31484551237317,4
8.079393904365142,-8.660270544014054,5
21.568302239763998,-12.571207847328118,6
-0.022924649616130555,23.097498830138832,7
-5.235506182959519,0.7839892505112771,8
-16.79558352904318,-12.317530458147434,9
-0.03312939069733978,-23.81315048824146,0
-16.52884757087494,-11.98591600067063,9
2.9152117317703428,-1.704926038196927,5
1.1227199503352487,-1.2824497073197603,5
16.05835255627354,-16.048720501489996,6
-2.619303487893456,2.6309013433148767,5
10.328373163790996,-20.233654864878503,0
-21.67465798844787,-7.92348298002192,9
0.43790858354257706,-5.283831939600664,8
-23.124089172362417,-12.816621555601913,9
-0.6220570423545446,9.238993561019921,8
27.104021012479613,-2.1720629785923533,4
9.02458458786134,12.33302673182137,1
4.665306945308405,14.435902450153472,7
3.757800457366899,15.899136017933246,7
-3.792885508605243,21.451697572725074,3
2.1572737306383347,-4.793021620594548,5
10.69464903302871,20.30762334159777,1
1.0262169214985386,-18.433833651000896,0
3.486881475231181,-23.12434835980971,0
-5.889376869230023,-3.2312526789492337,2
-11.204179543250705,9.872399716970198,2
4.502782689238695,18.103348683148432,7
-6.765358825262021,11.749645346317049,8
-7.067374714806021,2.6945504620390706,2
9.579962141924401,-10.590816923355224,0
10.310686199163067,16.02604008309349,1
-4.264139421322653,2.70528973958388,2
19.62084064607574,-13.142980305992072,6
-8.883616559940764,11.842594836795977,3
-4.946481033726246,15.44753695815231,3
4.254973156976832,17.29341391976598,7
-0.02776101723501706,-7.835521831419667,3
-7.993879521407048,15.346801603926528,3
28.997190067400332,0.24447344437243723,4
20.808553150179762,-7.681943360669086,6
17.608165151015875,-11.89575652137386,6
13.135699466878124,-21.84297011189482,6
25.159461831357785,-0.19775591516618451,4
-18.072519666840513,-15.331562258878874,9
10.230650220840959,18.493264275588757,1
-3.688022323687801,-5.371967606571141,5
1.813874186636368,-16.888432882496957,0
-20.00551096686589,-10.245274767919051,9
6.717144472575849,-12.074897686262116,5
-10.193365681122135,13.090203859928286,2
-0.1698501803195665,1.49596303440131,8
-14.558685137511521,9.793862681982832,2
4.095453837491318,-18.320303531150508,0
-1.4580194106511355,-18.031407705696616,0
12.803234798427576,11.286825475188706,1
11.0145011631281,15.774927696237738,7
22.851716346471008,-10.054288096792641,6
-15.47890270049969,16.059285789963205,3
-9.518630239379624,8.611978842610892,2
1.8984770940848437,18.376122522415336,1
12.668019573655975,18.97901997368443,7
23.60662442971882,-6.089311617384741,4
24.113804674975693,-6.089257388830606,6
-19.837535825779028,7.853120263358287,3
4.532754504351313,22.6487711763423,1
-10.962865217131458,1.0744630931635268,3
-19.148649756316935,-12.687313273344614,9
17.15971489840167,14.905554682489656,1
-0.6329864235408338,20.799121425707654,7
17.54881984043065,-14.47892265762463,6
0.19232091307760907,12.032703023237675,8
28.435723495400794,-12.254412398779934,4
-1.4590364819340282,3.6916292492371188,3
12.558760396500844,13.144059554934755,1
23.60338875213929,-3.410685028540361,4
10.041812550881417,-17.00488207975065,0
-8.393397698179962,-12.767494606469556,5
-18.681261598585497,3.6642992039692004,3
24.4351772999406,-0.5794423585426716,6
-19.232585686105264,-5.131406747797505,9
15.891464390114526,-17.01022353558386,6
10.504041202031818,14.13954924661079,1
-3.1230612111701648,23.706715799105147,7
-0.9160645236406544,-10.028630087406444,5
20.230825260120767,-2.3701753483049046,4
26.80327542970604,-2.232480844931881,4
3.3489928049149134,19.3739794760544,7
-10.178754784554199,10.063053813786398,2
0.30471036195438334,0.5014208520206274,8
-6.848573909393728,11.77385154612887,2
-7.8668479866481125,7.597504519730107,2
1.5771020408068706,-11.487580791972968,5
3.886731802588941,18.747278611057624,7
-16.654895221293348,-7.941858514110617,9
-3.972454300077118,-14.02701749325708,5
28.181201131435785,-7.782532666900276,4
3.5533245665182736,17.9722327439856,8
0.134670672732975,18.647258881748016,8
31.700125327394773,-2.783565511358514,4
-14.60662836607883,-13.34412437230558,9
6.4645740693302916,-20.567298662427,0
10.801283695555785,6.960252234765006,8
-4.872100092448189,-12.423953617562448,9
-0.34438963079504736,-6.365549193600907,8
